ID,Subject,Source,Production state,Publication visibility,Provisional 2025 target,Required-action coverage,Start,Stop,Next
"Biology-Y11-M1-L1","Biology","src/data/biology-y11-m1-l01-prokaryotic-vs-eukaryotic-cells.json","source-present-unreviewed","","Year 11 Cells as the basis of life","not-established","","",""
"Biology-Y11-M1-L2","Biology","src/data/biology-y11-m1-l02-inside-the-eukaryotic-cell.json","source-present-unreviewed","","Year 11 Cells as the basis of life","not-established","","",""
"Biology-Y11-M1-L3","Biology","src/data/biology-y11-m1-l03-plant-vs-animal-cells.json","source-present-unreviewed","","Year 11 Cells as the basis of life","not-established","","",""
"Biology-Y11-M1-L4","Biology","src/data/biology-y11-m1-l04-prokaryotic-cell-structures.json","source-present-unreviewed","","Year 11 Cells as the basis of life","not-established","","",""
"Biology-Y11-M1-L5","Biology","src/data/biology-y11-m1-l05-using-the-microscope.json","source-present-unreviewed","","Year 11 Cells as the basis of life","not-established","","",""
"Biology-Y11-M1-L6","Biology","src/data/biology-y11-m1-l06-microscopy-and-scientific-understanding.json","source-present-unreviewed","","Year 11 Cells as the basis of life","not-established","","",""
"Biology-Y11-M1-L7","Biology","src/data/biology-y11-m1-l07-fluid-mosaic-membrane.json","source-present-unreviewed","","Year 11 Cells as the basis of life","not-established","","",""
"Biology-Y11-M1-L8","Biology","src/data/biology-y11-m1-l08-passive-transport.json","source-present-unreviewed","","Year 11 Cells as the basis of life","not-established","","",""
"Biology-Y11-M1-L9","Biology","src/data/biology-y11-m1-l09-tonicity-and-cells.json","source-present-unreviewed","","Year 11 Cells as the basis of life","not-established","","",""
"Biology-Y11-M1-L10","Biology","src/data/biology-y11-m1-l10-active-and-bulk-transport.json","source-present-unreviewed","","Year 11 Cells as the basis of life","not-established","","",""
"Biology-Y11-M1-L11","Biology","src/data/biology-y11-m1-l11-exchange-and-concentration-gradients.json","source-present-unreviewed","","Year 11 Cells as the basis of life","not-established","","",""
"Biology-Y11-M1-L12","Biology","src/data/biology-y11-m1-l12-raw-materials-of-the-cell.json","source-present-unreviewed","","Year 11 Cells as the basis of life","not-established","","",""
"Biology-Y11-M1-L13","Biology","src/data/biology-y11-m1-l13-cellular-respiration.json","source-present-unreviewed","","Year 11 Cells as the basis of life","not-established","","",""
"Biology-Y11-M1-L14","Biology","src/data/biology-y11-m1-l14-photosynthesis.json","source-present-unreviewed","","Year 11 Cells as the basis of life","not-established","","",""
"Biology-Y11-M1-L15","Biology","src/data/biology-y11-m1-l15-enzymes-biological-catalysts.json","source-present-unreviewed","","Year 11 Cells as the basis of life","not-established","","",""
"Biology-Y11-M1-L16","Biology","src/data/biology-y11-m1-l16-enzyme-models.json","revised-unlisted-review-human-listening-pending","unlisted","Year 11 Cells as the basis of life","not-established","","",""
"Biology-Y11-M1-L17","Biology","src/data/biology-y11-m1-l17-enzyme-activity-practical.json","source-present-unreviewed","","Year 11 Cells as the basis of life","not-established","","",""
"Biology-Y11-M1-L18","Biology","src/data/biology-y11-m1-l18-reading-enzyme-graphs.json","source-present-unreviewed","","Year 11 Cells as the basis of life","not-established","","",""
"Biology-Y11-M1-L19","Biology","src/data/biology-y11-m1-l19-dna-double-helix.json","source-present-unreviewed","","Year 11 Cells as the basis of life","not-established","","",""
"Biology-Y11-M1-L20","Biology","src/data/biology-y11-m1-l20-dna-replication.json","source-present-unreviewed","","Year 11 Cells as the basis of life","not-established","","",""
"Biology-Y11-M1-L21","Biology","src/data/biology-y11-m1-l21-dna-prokaryotes-eukaryotes.json","source-present-unreviewed","","Year 11 Cells as the basis of life","not-established","","",""
"Biology-Y11-M1-L22","Biology","src/data/biology-y11-m1-l22-somatic-gametic-cells.json","source-present-unreviewed","","Year 11 Cells as the basis of life","not-established","","",""
"Biology-Y11-M1-L23","Biology","src/data/biology-y11-m1-l23-cell-cycle-mitosis.json","source-present-unreviewed","","Year 11 Cells as the basis of life","not-established","","",""
"Biology-Y11-M1-L24","Biology","src/data/biology-y11-m1-l24-meiosis.json","source-present-unreviewed","","Year 11 Cells as the basis of life","not-established","","",""
"Biology-Y11-M1-L25","Biology","src/data/biology-y11-m1-l25-why-cell-division-matters.json","source-present-unreviewed","","Year 11 Cells as the basis of life","not-established","","",""
"Biology-Y11-M2-L1","Biology","src/data/biology-y11-m2-l01-levels-of-cellular-organisation.json","source-present-unreviewed","","Year 11 Cells to systems","not-established","","",""
"Biology-Y11-M2-L2","Biology","src/data/biology-y11-m2-l02-surface-area-to-volume-ratio.json","source-present-unreviewed","","Year 11 Cells to systems","not-established","","",""
"Biology-Y11-M2-L3","Biology","src/data/biology-y11-m2-l03-from-organelles-to-systems.json","source-present-unreviewed","","Year 11 Cells to systems","not-established","","",""
"Biology-Y11-M2-L4","Biology","src/data/biology-y11-m2-l04-plant-requirements.json","source-present-unreviewed","","Year 11 Cells to systems","not-established","","",""
"Biology-Y11-M2-L5","Biology","src/data/biology-y11-m2-l05-conditions-for-photosynthesis.json","source-present-unreviewed","","Year 11 Cells to systems","not-established","","",""
"Biology-Y11-M2-L6","Biology","src/data/biology-y11-m2-l06-changing-conditions-on-photosynthesis.json","source-present-unreviewed","","Year 11 Cells to systems","not-established","","",""
"Biology-Y11-M2-L7","Biology","src/data/biology-y11-m2-l07-xylem-and-phloem.json","source-present-unreviewed","","Year 11 Cells to systems","not-established","","",""
"Biology-Y11-M2-L8","Biology","src/data/biology-y11-m2-l08-translocation-in-phloem.json","source-present-unreviewed","","Year 11 Cells to systems","not-established","","",""
"Biology-Y11-M2-L9","Biology","src/data/biology-y11-m2-l09-cohesion-tension-in-xylem.json","source-present-unreviewed","","Year 11 Cells to systems","not-established","","",""
"Biology-Y11-M2-L10","Biology","src/data/biology-y11-m2-l10-factors-affecting-transpiration.json","source-present-unreviewed","","Year 11 Cells to systems","not-established","","",""
"Biology-Y11-M2-L11","Biology","src/data/biology-y11-m2-l11-measuring-transpiration-rate.json","source-present-unreviewed","","Year 11 Cells to systems","not-established","","",""
"Biology-Y11-M2-L12","Biology","src/data/biology-y11-m2-l12-inside-leaf-stem-and-root.json","source-present-unreviewed","","Year 11 Cells to systems","not-established","","",""
"Biology-Y11-M2-L13","Biology","src/data/biology-y11-m2-l13-animal-organ-systems.json","source-present-unreviewed","","Year 11 Cells to systems","not-established","","",""
"Biology-Y11-M2-L14","Biology","src/data/biology-y11-m2-l14-human-digestion.json","source-present-unreviewed","","Year 11 Cells to systems","not-established","","",""
"Biology-Y11-M2-L15","Biology","src/data/biology-y11-m2-l15-blood-through-the-organs.json","source-present-unreviewed","","Year 11 Cells to systems","not-established","","",""
"Biology-Y11-M2-L16","Biology","src/data/biology-y11-m2-l16-arteries-capillaries-veins.json","source-present-unreviewed","","Year 11 Cells to systems","not-established","","",""
"Biology-Y11-M2-L17","Biology","src/data/biology-y11-m2-l17-whats-in-blood.json","source-present-unreviewed","","Year 11 Cells to systems","not-established","","",""
"Biology-Y11-M2-L18","Biology","src/data/biology-y11-m2-l18-gas-exchange-in-the-lungs.json","source-present-unreviewed","","Year 11 Cells to systems","not-established","","",""
"Biology-Y11-M2-L19","Biology","src/data/biology-y11-m2-l19-the-nephron.json","source-present-unreviewed","","Year 11 Cells to systems","not-established","","",""
"Biology-Y11-M2-L20","Biology","src/data/biology-y11-m2-l20-renal-dialysis.json","source-present-unreviewed","","Year 11 Cells to systems","not-established","","",""
"Biology-Y11-M2-L21","Biology","src/data/biology-y11-m2-l21-feedback-systems.json","source-present-unreviewed","","Year 11 Cells to systems","not-established","","",""
"Biology-Y11-M2-L22","Biology","src/data/biology-y11-m2-l22-negative-feedback-and-homeostasis.json","source-present-unreviewed","","Year 11 Cells to systems","not-established","","",""
"Biology-Y11-M2-L23","Biology","src/data/biology-y11-m2-l23-hypothalamus-pituitary-hormones.json","source-present-unreviewed","","Year 11 Cells to systems","not-established","","",""
"Biology-Y11-M2-L24","Biology","src/data/biology-y11-m2-l24-blood-sugar-stress-diabetes.json","source-present-unreviewed","","Year 11 Cells to systems","not-established","","",""
"Biology-Y11-M2-L25","Biology","src/data/biology-y11-m2-l25-optimal-range-tolerance-limits.json","source-present-unreviewed","","Year 11 Cells to systems","not-established","","",""
"Biology-Y11-M3-L1","Biology","src/data/biology-y11-m3-l01-natural-selection.json","source-present-unreviewed","","Year 11 Evolution and ecosystems","not-established","","",""
"Biology-Y11-M3-L2","Biology","src/data/biology-y11-m3-l02-selective-pressures.json","source-present-unreviewed","","Year 11 Evolution and ecosystems","not-established","","",""
"Biology-Y11-M3-L3","Biology","src/data/biology-y11-m3-l03-human-induced-pressures.json","source-present-unreviewed","","Year 11 Evolution and ecosystems","not-established","","",""
"Biology-Y11-M3-L4","Biology","src/data/biology-y11-m3-l04-evolution-species-diversity.json","source-present-unreviewed","","Year 11 Evolution and ecosystems","not-established","","",""
"Biology-Y11-M3-L5","Biology","src/data/biology-y11-m3-l05-megafauna-aboriginal-evidence.json","source-present-unreviewed","","Year 11 Evolution and ecosystems","not-established","","",""
"Biology-Y11-M3-L6","Biology","src/data/biology-y11-m3-l06-monotremes-marsupials.json","source-present-unreviewed","","Year 11 Evolution and ecosystems","not-established","","",""
"Biology-Y11-M3-L7","Biology","src/data/biology-y11-m3-l07-modelling-natural-selection.json","source-present-unreviewed","","Year 11 Evolution and ecosystems","not-established","","",""
"Biology-Y11-M3-L8","Biology","src/data/biology-y11-m3-l08-convergent-divergent-evolution.json","source-present-unreviewed","","Year 11 Evolution and ecosystems","not-established","","",""
"Biology-Y11-M3-L9","Biology","src/data/biology-y11-m3-l09-adaptations.json","source-present-unreviewed","","Year 11 Evolution and ecosystems","not-established","","",""
"Biology-Y11-M3-L10","Biology","src/data/biology-y11-m3-l10-water-balance-plants.json","source-present-unreviewed","","Year 11 Evolution and ecosystems","not-established","","",""
"Biology-Y11-M3-L11","Biology","src/data/biology-y11-m3-l11-ectotherms-endotherms.json","source-present-unreviewed","","Year 11 Evolution and ecosystems","not-established","","",""
"Biology-Y11-M3-L12","Biology","src/data/biology-y11-m3-l12-water-salt-balance-aquatic.json","source-present-unreviewed","","Year 11 Evolution and ecosystems","not-established","","",""
"Biology-Y11-M3-L13","Biology","src/data/biology-y11-m3-l13-first-nations-use-of-adaptations.json","source-present-unreviewed","","Year 11 Evolution and ecosystems","not-established","","",""
"Biology-Y11-M3-L14","Biology","src/data/biology-y11-m3-l14-gradualism-punctuated-equilibrium.json","source-present-unreviewed","","Year 11 Evolution and ecosystems","not-established","","",""
"Biology-Y11-M3-L15","Biology","src/data/biology-y11-m3-l15-antibiotic-ddt-resistance.json","source-present-unreviewed","","Year 11 Evolution and ecosystems","not-established","","",""
"Biology-Y11-M3-L16","Biology","src/data/biology-y11-m3-l16-evidence-from-fossils.json","source-present-unreviewed","","Year 11 Evolution and ecosystems","not-established","","",""
"Biology-Y11-M3-L17","Biology","src/data/biology-y11-m3-l17-relationships-from-sequences.json","source-present-unreviewed","","Year 11 Evolution and ecosystems","not-established","","",""
"Biology-Y11-M3-L18","Biology","src/data/biology-y11-m3-l18-weighing-evidence-for-evolution.json","source-present-unreviewed","","Year 11 Evolution and ecosystems","not-established","","",""
"Biology-Y11-M3-L19","Biology","src/data/biology-y11-m3-l19-features-of-an-ecosystem.json","source-present-unreviewed","","Year 11 Evolution and ecosystems","not-established","","",""
"Biology-Y11-M3-L20","Biology","src/data/biology-y11-m3-l20-comparing-ecosystems.json","source-present-unreviewed","","Year 11 Evolution and ecosystems","not-established","","",""
"Biology-Y11-M3-L21","Biology","src/data/biology-y11-m3-l21-what-shapes-a-community.json","source-present-unreviewed","","Year 11 Evolution and ecosystems","not-established","","",""
"Biology-Y11-M3-L22","Biology","src/data/biology-y11-m3-l22-quadrats-and-transects.json","source-present-unreviewed","","Year 11 Evolution and ecosystems","not-established","","",""
"Biology-Y11-M3-L23","Biology","src/data/biology-y11-m3-l23-mark-release-recapture.json","source-present-unreviewed","","Year 11 Evolution and ecosystems","not-established","","",""
"Biology-Y11-M3-L24","Biology","src/data/biology-y11-m3-l24-relationships-between-organisms.json","source-present-unreviewed","","Year 11 Evolution and ecosystems","not-established","","",""
"Biology-Y11-M3-L25","Biology","src/data/biology-y11-m3-l25-carrying-capacity-data-validity.json","source-present-unreviewed","","Year 11 Evolution and ecosystems","not-established","","",""
"Biology-Y12-M5-L1","Biology","src/data/biology-y12-m5-l1-reproduction-continuity.json","source-present-unreviewed","","Y12 Biodiversity › Genetic diversity (asexual vs sexual, continuity in changing environments)","not-established","","",""
"Biology-Y12-M5-L10","Biology","src/data/biology-y12-m5-l10-transcription-dna-to-mrna.json","source-present-unreviewed","","Y12 Heredity › Polypeptide synthesis (template/coding strand, RNA polymerase, alternative splicing)","not-established","","",""
"Biology-Y12-M5-L11","Biology","src/data/biology-y12-m5-l11-translation.json","source-present-unreviewed","","Y12 Heredity › Polypeptide synthesis","not-established","","",""
"Biology-Y12-M5-L12","Biology","src/data/biology-y12-m5-l12-proteins-phenotype.json","source-present-unreviewed","","Y12 Heredity › Polypeptide synthesis (protein function; DNA → phenotype; environment and phenotype)","not-established","","",""
"Biology-Y12-M5-L13","Biology","src/data/biology-y12-m5-l13-sources-genetic-variation.json","source-present-unreviewed","","Y12 Heredity › Inheritance patterns (meiosis + fertilisation creating variation) and Genetic variants","not-established","","",""
"Biology-Y12-M5-L14","Biology","src/data/biology-y12-m5-l14-mendelian-patterns.json","source-present-unreviewed","","Y12 Heredity › Inheritance patterns (Punnett, sex-linked, pedigrees)","not-established","","",""
"Biology-Y12-M5-L15","Biology","src/data/biology-y12-m5-l15-non-mendelian-patterns.json","source-present-unreviewed","","Y12 Heredity › Inheritance patterns (codominance, incomplete dominance, multiple alleles)","not-established","","",""
"Biology-Y12-M5-L16","Biology","src/data/biology-y12-m5-l16-frequency-data-snp-analysis.json","source-present-unreviewed","","Y12 Heredity › Genetic variants (SNPs in populations + association with a genetic disease; limits of SNP testing)","not-established","","",""
"Biology-Y12-M5-L17","Biology","src/data/biology-y12-m5-l17-dna-sequencing-profiling.json","source-present-unreviewed","","Y12 Biotechnology (biotechnologies to diagnose genetic disease; bioinformatics)","not-established","","",""
"Biology-Y12-M5-L18","Biology","src/data/biology-y12-m5-l18-large-scale-population-genetics.json","source-present-unreviewed","","Y12 Biotechnology (genetic databases e.g. GenBank for prevalence; data and modelling) + Biodiversity (bottlenecks)","not-established","","",""
"Biology-Y12-M5-L19","Biology","src/data/biology-y12-m5-l19-predicting-population-genetic-patterns.json","source-present-unreviewed","","Y12 Heredity (SNP limits) / Biotechnology (personalised risk information for a non-infectious disease)","not-established","","",""
"Biology-Y12-M5-L2","Biology","src/data/biology-y12-m5-l2-reproduction-in-animals.json","source-present-unreviewed","","Y12 Biodiversity › Genetic diversity (""compare external and internal fertilisation methods for creating variation"")","not-established","","",""
"Biology-Y12-M5-L3","Biology","src/data/biology-y12-m5-l3-reproduction-plants-fungi-bacteria-protists.json","source-present-unreviewed","","Y12 Biodiversity › Genetic diversity (plant sexual/asexual; budding, spores, parthenogenesis, binary fission)","not-established","","",""
"Biology-Y12-M5-L4","Biology","src/data/biology-y12-m5-l4-mammalian-reproduction.json","source-present-unreviewed","","Not in new syllabus (no fertilisation/implantation/pregnancy/hormones point)","not-established","","",""
"Biology-Y12-M5-L5","Biology","src/data/biology-y12-m5-l5-manipulating-reproduction-agriculture.json","source-present-unreviewed","","Y12 Biotechnology (artificial pollination; ""germline changes in reproductive and genetic engineering biotechnologies"") + Biodiversity (monoculture)","not-established","","",""
"Biology-Y12-M5-L6","Biology","src/data/biology-y12-m5-l6-dna-structure-replication.json","source-present-unreviewed","","→Y11 Cells as the basis of life › Cell division","not-established","","",""
"Biology-Y12-M5-L7","Biology","src/data/biology-y12-m5-l7-mitosis.json","source-present-unreviewed","","→Y11 Cells as the basis of life › Cell division","not-established","","",""
"Biology-Y12-M5-L8","Biology","src/data/biology-y12-m5-l8-meiosis.json","source-present-unreviewed","","→Y11 Cells as the basis of life (phases, crossing over, independent assortment, random segregation). Also Y12 Heredity › Inheritance patterns","not-established","","",""
"Biology-Y12-M5-L9","Biology","src/data/biology-y12-m5-l9-dna-prokaryotes-eukaryotes.json","source-present-unreviewed","","→Y11 Cells as the basis of life (""compare the forms in which DNA exists in prokaryotic and eukaryotic cells"")","not-established","","",""
"Biology-Y12-M6-L1","Biology","src/data/biology-y12-m6-l1-mutation-alleles-genetic-change.json","source-present-unreviewed","","Y12 Heredity › Genetic variants","not-established","","",""
"Biology-Y12-M6-L10","Biology","src/data/biology-y12-m6-l10-future-directions-benefits.json","source-present-unreviewed","","Y12 Biotechnology › Biotech in human diseases (""outline 2 selected gene therapies""; future applications for a non-infectious disease)","not-established","","",""
"Biology-Y12-M6-L11","Biology","src/data/biology-y12-m6-l11-biodiversity-change-genetic-techniques.json","source-present-unreviewed","","Y12 Biodiversity (3 levels of diversity; monoculture) + Biotechnology (GMO release into wild)","not-established","","",""
"Biology-Y12-M6-L12","Biology","src/data/biology-y12-m6-l12-biotechnology-synthesis-evaluation.json","source-present-unreviewed","","Y12 Biotechnology (""evaluate biotechnologies on the prevalence of mosquito-borne diseases""; GMO release)","not-established","","",""
"Biology-Y12-M6-L13","Biology","src/data/biology-y12-m6-l13-current-genetic-technologies.json","source-present-unreviewed","","Y12 Biotechnology (""compare germline genetic changes in reproductive and genetic engineering biotechnologies"")","not-established","","",""
"Biology-Y12-M6-L14","Biology","src/data/biology-y12-m6-l14-reproductive-technologies-ai-ap.json","source-present-unreviewed","","Y12 Biotechnology › Agriculture and biodiversity (""artificial pollination in Australian agriculture"")","not-established","","",""
"Biology-Y12-M6-L15","Biology","src/data/biology-y12-m6-l15-cloning-whole-organism-gene.json","source-present-unreviewed","","Not in new syllabus (no cloning point; gene cloning only implied in rDNA insulin)","not-established","","",""
"Biology-Y12-M6-L16","Biology","src/data/biology-y12-m6-l16-recombinant-dna-transgenic-organisms.json","source-present-unreviewed","","Y12 Biotechnology (""model recombinant DNA technology to produce human insulin""; ""compare transgenic organisms and GMOs"")","not-established","","",""
"Biology-Y12-M6-L17","Biology","src/data/biology-y12-m6-l17-benefits-genetic-technologies.json","source-present-unreviewed","","Y12 Biotechnology (medicine/agriculture/conservation; industrial is gone)","not-established","","",""
"Biology-Y12-M6-L18","Biology","src/data/biology-y12-m6-l18-long-term-population-change.json","source-present-unreviewed","","Y12 Biotechnology (""assess the influence of social, economic and cultural contexts on the use of a biotechnology in agriculture"". Near-verbatim)","not-established","","",""
"Biology-Y12-M6-L19","Biology","src/data/biology-y12-m6-l19-variation-allele-frequency.json","source-present-unreviewed","","Y12 Biodiversity › Genetic diversity (allele frequency, drift, gene flow, selection)","not-established","","",""
"Biology-Y12-M6-L2","Biology","src/data/biology-y12-m6-l2-mutagens.json","source-present-unreviewed","","Y12 Heredity › Genetic variants (EMR, chemicals, naturally occurring. Near-verbatim)","not-established","","",""
"Biology-Y12-M6-L3","Biology","src/data/biology-y12-m6-l3-point-mutation.json","source-present-unreviewed","","Y12 Heredity › Genetic variants (substitution/insertion/deletion; silent/missense/nonsense/frameshift)","not-established","","",""
"Biology-Y12-M6-L4","Biology","src/data/biology-y12-m6-l4-chromosomal-mutation.json","source-present-unreviewed","","Y12 Heredity › Genetic variants (dup/del/inv/trans; karyotypes and non-disjunction)","not-established","","",""
"Biology-Y12-M6-L5","Biology","src/data/biology-y12-m6-l5-somatic-germline-coding-noncoding.json","source-present-unreviewed","","Y12 Heredity › Genetic variants (somatic/germline in tumours, disease, diversity; coding mutations and protein function)","not-established","","",""
"Biology-Y12-M6-L6","Biology","src/data/biology-y12-m6-l6-causes-of-genetic-variation.json","source-present-unreviewed","","Y12 Heredity › Inheritance patterns","not-established","","",""
"Biology-Y12-M6-L7","Biology","src/data/biology-y12-m6-l7-gene-pools.json","source-present-unreviewed","","Y12 Biodiversity › Genetic diversity (gene pool size, drift, gene flow, founder/bottleneck)","not-established","","",""
"Biology-Y12-M6-L8","Biology","src/data/biology-y12-m6-l8-biotechnology-definitions.json","source-present-unreviewed","","Y12 Biotechnology › Modern biotechnologies","not-established","","",""
"Biology-Y12-M6-L9","Biology","src/data/biology-y12-m6-l9-ethics-social-implications.json","source-present-unreviewed","","Y12 Biotechnology (ethical/legal implications of gene therapy; GM plant for nutritional deficiency)","not-established","","",""
"Biology-Y12-M7-L1","Biology","src/data/biology-y12-m7-l1-what-is-infectious-disease.json","source-present-unreviewed","","Y12 Diseases › Infectious diseases","not-established","","",""
"Biology-Y12-M7-L10","Biology","src/data/biology-y12-m7-l10-innate-immune-system.json","source-present-unreviewed","","Y12 Diseases (innate vs adaptive; phagocytes, antimicrobial proteins)","not-established","","",""
"Biology-Y12-M7-L11","Biology","src/data/biology-y12-m7-l11-adaptive-immunity-antigens-antibodies.json","source-present-unreviewed","","Y12 Diseases (humoral: plasma cells, memory B cells, antibodies)","not-established","","",""
"Biology-Y12-M7-L12","Biology","src/data/biology-y12-m7-l12-t-cells-cell-mediated-immunity.json","source-present-unreviewed","","Y12 Diseases (helper, cytotoxic, memory, suppressor T cells; interleukins)","not-established","","",""
"Biology-Y12-M7-L13","Biology","src/data/biology-y12-m7-l13-primary-secondary-immune-response.json","source-present-unreviewed","","Y12 Diseases","not-established","","",""
"Biology-Y12-M7-L14","Biology","src/data/biology-y12-m7-l14-vaccination-active-passive-immunity.json","source-present-unreviewed","","Y12 Diseases (passive vs active; data on vaccination)","not-established","","",""
"Biology-Y12-M7-L15","Biology","src/data/biology-y12-m7-l15-hygiene-quarantine-public-health.json","source-present-unreviewed","","Y12 Diseases (""procedures to limit transmission of infectious diseases in humans"")","not-established","","",""
"Biology-Y12-M7-L16","Biology","src/data/biology-y12-m7-l16-antibiotics-and-antivirals.json","source-present-unreviewed","","Y12 Diseases (""compare pharmaceutical treatments for viral and bacterial diseases"")","not-established","","",""
"Biology-Y12-M7-L17","Biology","src/data/biology-y12-m7-l17-pesticides-and-genetic-engineering.json","source-present-unreviewed","","Y12 Biotechnology (mosquito-borne diseases) + Y11 Evolution and ecosystems (DDT-resistant mosquitoes)","not-established","","",""
"Biology-Y12-M7-L18","Biology","src/data/biology-y12-m7-l18-malaria-and-dengue-global-case-study.json","source-present-unreviewed","","Y12 Biotechnology (""biotechnologies on the prevalence of mosquito-borne diseases"")","not-established","","",""
"Biology-Y12-M7-L19","Biology","src/data/biology-y12-m7-l19-historical-cultural-disease-control.json","source-present-unreviewed","","Not in new syllabus","not-established","","",""
"Biology-Y12-M7-L2","Biology","src/data/biology-y12-m7-l2-classifying-pathogens.json","source-present-unreviewed","","Y12 Diseases (macro/micro/non-cellular; adaptive features of prions, viruses, bacteria, protozoa, fungi, macroparasites)","not-established","","",""
"Biology-Y12-M7-L20","Biology","src/data/biology-y12-m7-l20-indigenous-protocols-bush-medicine.json","source-present-unreviewed","","Y12 Diseases (""use of an Aboriginal bush medicine in treating disease: tea tree oil, Kakadu plum or emu bush"")","not-established","","",""
"Biology-Y12-M7-L21","Biology","src/data/biology-y12-m7-l21-environmental-management-pandemic-control.json","source-present-unreviewed","","Y12 Diseases › Epidemiological studies (surveillance; error/bias during a pandemic) + Biodiversity (epidemic control in plants/animals)","not-established","","",""
"Biology-Y12-M7-L3","Biology","src/data/biology-y12-m7-l3-koch-pasteur-germ-theory.json","source-present-unreviewed","","Not in new syllabus","not-established","","",""
"Biology-Y12-M7-L4","Biology","src/data/biology-y12-m7-l4-modes-of-transmission.json","source-present-unreviewed","","Y12 Diseases (direct, indirect, vector. Verbatim)","not-established","","",""
"Biology-Y12-M7-L5","Biology","src/data/biology-y12-m7-l5-microbial-testing.json","source-present-unreviewed","","Y12 Diseases (lab: ""effect of antimicrobial treatment on growth of microorganisms in food or water""; E. coli temperature viability)","not-established","","",""
"Biology-Y12-M7-L6","Biology","src/data/biology-y12-m7-l6-disease-in-agriculture-plants.json","source-present-unreviewed","","Y12 Biodiversity › Genetic diversity (""effects of infectious diseases on plants""; Panama disease on bananas)","not-established","","",""
"Biology-Y12-M7-L7","Biology","src/data/biology-y12-m7-l7-disease-in-agriculture-animals.json","source-present-unreviewed","","Y12 Biodiversity › Sustainable ecosystems (Australian procedures limiting disease transmission in animals/plants)","not-established","","",""
"Biology-Y12-M7-L8","Biology","src/data/biology-y12-m7-l8-plant-responses-to-pathogens.json","source-present-unreviewed","","Y12 Biodiversity (""physical and chemical changes of a plant in response to pathogens"")","not-established","","",""
"Biology-Y12-M7-L9","Biology","src/data/biology-y12-m7-l9-physical-chemical-responses-animals.json","source-present-unreviewed","","Y12 Diseases › innate immunity (barriers, secretions, inflammatory response, fever)","not-established","","",""
"Biology-Y12-M8-L1","Biology","src/data/biology-y12-m8-l1-homeostasis-feedback-loops.json","source-present-unreviewed","","→Y11 Cells to systems › Homeostasis in humans","not-established","","",""
"Biology-Y12-M8-L10","Biology","src/data/biology-y12-m8-l10-cancer.json","source-present-unreviewed","","Y12 Diseases (non-infectious example) + Heredity (somatic variants and tumour formation)","not-established","","",""
"Biology-Y12-M8-L11","Biology","src/data/biology-y12-m8-l11-causes-mastery.json","source-present-unreviewed","","Y12 Diseases › Non-infectious diseases","not-established","","",""
"Biology-Y12-M8-L12","Biology","src/data/biology-y12-m8-l12-epidemiology-measures-study-design.json","source-present-unreviewed","","Y12 Diseases › Epidemiological studies (incidence/prevalence/morbidity/mortality; observational/analytical/experimental; RCT, cohort, cross-sectional)","not-established","","",""
"Biology-Y12-M8-L13A","Biology","src/data/biology-y12-m8-l13a-analysing-epidemiological-data.json","source-present-unreviewed","","Y12 Diseases › Epidemiological studies (analyse rates; confounding)","not-established","","",""
"Biology-Y12-M8-L13B","Biology","src/data/biology-y12-m8-l13b-analysing-epidemiological-data.json","source-present-unreviewed","","Y12 Diseases (causation vs correlation; confounding/selection error)","not-established","","",""
"Biology-Y12-M8-L14","Biology","src/data/biology-y12-m8-l14-treatment-non-infectious-disease.json","source-present-unreviewed","","Y12 Biotechnology (""analyse data to evaluate a biotechnology used for a selected non-infectious disease""; current/future applications)","not-established","","",""
"Biology-Y12-M8-L15","Biology","src/data/biology-y12-m8-l15-treatment-management-evaluation.json","source-present-unreviewed","","Y12 Diseases (""evaluate the effectiveness of a campaign to prevent a non-infectious disease"")","not-established","","",""
"Biology-Y12-M8-L16","Biology","src/data/biology-y12-m8-l16-autoimmune-diseases-allergies.json","source-present-unreviewed","","Not in new syllabus (not an explicit 2017 point either)","not-established","","",""
"Biology-Y12-M8-L17A","Biology","src/data/biology-y12-m8-l17a-genetic-disorders-inheritance.json","source-present-unreviewed","","Y12 Heredity (karyotypes, non-disjunction) + Biotechnology (diagnosing genetic disease: CF, alpha-1 antitrypsin, LCA)","not-established","","",""
"Biology-Y12-M8-L17B","Biology","src/data/biology-y12-m8-l17b-genetic-disorders-applying.json","source-present-unreviewed","","Y12 Heredity (pedigrees) + Biotechnology (gene therapies; ethics/legal)","not-established","","",""
"Biology-Y12-M8-L18A","Biology","src/data/biology-y12-m8-l18a-hearing-loss-foundations.json","source-present-unreviewed","","Not in new syllabus","not-established","","",""
"Biology-Y12-M8-L18B","Biology","src/data/biology-y12-m8-l18b-cochlear-implants-applying.json","source-present-unreviewed","","Not in new syllabus","not-established","","",""
"Biology-Y12-M8-L19A","Biology","src/data/biology-y12-m8-l19a-visual-disorders-eye-and-errors.json","source-present-unreviewed","","Not in new syllabus (inherited retinal dystrophy/LCA appear only as genetic-diagnosis examples)","not-established","","",""
"Biology-Y12-M8-L19B","Biology","src/data/biology-y12-m8-l19b-visual-disorders-technologies.json","source-present-unreviewed","","Not in new syllabus","not-established","","",""
"Biology-Y12-M8-L2","Biology","src/data/biology-y12-m8-l2-temperature-regulation.json","source-present-unreviewed","","→Y11 Cells to systems (thermoregulation) + Evolution and ecosystems (endotherms vs ectotherms)","not-established","","",""
"Biology-Y12-M8-L20","Biology","src/data/biology-y12-m8-l20-kidney-disorders-dialysis-transplantation.json","source-present-unreviewed","","→Y11 Cells to systems (nephron filtration/reabsorption/secretion; ""compare renal dialysis to the function of the kidney"")","not-established","","",""
"Biology-Y12-M8-L21","Biology","src/data/biology-y12-m8-l21-module-8-mastery-integration.json","source-present-unreviewed","","Integrates the 2017 M8 inquiry questions, most of which are gone or moved to Y11","not-established","","",""
"Biology-Y12-M8-L3","Biology","src/data/biology-y12-m8-l3-glucose-regulation.json","source-present-unreviewed","","→Y11 Cells to systems (glucose hormones; diabetes secondary-source investigation)","not-established","","",""
"Biology-Y12-M8-L4","Biology","src/data/biology-y12-m8-l4-water-balance.json","source-present-unreviewed","","→Y11 Cells to systems (hypothalamus/pituitary; nephron)","not-established","","",""
"Biology-Y12-M8-L5","Biology","src/data/biology-y12-m8-l5-plant-water-balance.json","source-present-unreviewed","","→Y11 Cells to systems (transpiration factors, cohesion-tension) + Evolution and ecosystems (Australian plant water adaptations; aquatic salt balance)","not-established","","",""
"Biology-Y12-M8-L6","Biology","src/data/biology-y12-m8-l6-causes-noninfectious-disease.json","source-present-unreviewed","","Y12 Diseases › Non-infectious diseases (genetics, environment, nutrition)","not-established","","",""
"Biology-Y12-M8-L7","Biology","src/data/biology-y12-m8-l7-genetic-diseases.json","source-present-unreviewed","","Y12 Diseases + Heredity","not-established","","",""
"Biology-Y12-M8-L8","Biology","src/data/biology-y12-m8-l8-environmental-diseases.json","source-present-unreviewed","","Y12 Diseases (+ ""causal relationship for a selected environmental disease"")","not-established","","",""
"Biology-Y12-M8-L9","Biology","src/data/biology-y12-m8-l9-nutritional-diseases.json","source-present-unreviewed","","Y12 Diseases","not-established","","",""
"Chemistry-Y11-M1-L1","Chemistry","src/data/chemistry-y11-m1-l1-properties-classification.json","source-present-unreviewed","","Y11 Properties and structure of matter › Separation of mixtures (homogeneous vs heterogeneous only). The element/compound classification tree is Stage 5 background, not a content point","not-established","","",""
"Chemistry-Y11-M1-L10","Chemistry","src/data/chemistry-y11-m1-l10-intermolecular-forces.json","source-present-unreviewed","","Y11 Properties and structure of matter › Chemical bonding (dispersion, dipole–dipole, hydrogen bonding; ranking bond and force strength)","not-established","","",""
"Chemistry-Y11-M1-L11","Chemistry","src/data/chemistry-y11-m1-l11-polymers-structure-properties.json","source-present-unreviewed","","→Y12 Y12 Organic chemistry (polyester by condensation) + Y12 Applying chemical ideas (PE, PVC, PTFE, PP). There are no polymers in the new Y11","not-established","","",""
"Chemistry-Y11-M1-L12","Chemistry","src/data/chemistry-y11-m1-l12-solubility-like-dissolves-like.json","source-present-unreviewed","","→Y12 Y12 Equilibrium › Solution equilibria (dissolution diagrams) + Y12 Organic chemistry (solubility trends). No Y11 home","not-established","","",""
"Chemistry-Y11-M1-L13","Chemistry","src/data/chemistry-y11-m1-l13-atomic-models-historical.json","source-present-unreviewed","","Y11 Properties and structure of matter › Atomic structure (distribution of mass and charge; contributions of selected scientists: Curie, Dalton, Goeppert Mayer, Joliot-Curie, Meitner, Rutherford)","not-established","","",""
"Chemistry-Y11-M1-L14","Chemistry","src/data/chemistry-y11-m1-l14-isotopes-relative-atomic-mass.json","source-present-unreviewed","","Y11 Properties and structure of matter › Atomic structure (isotopes; relative atomic mass from isotopic composition)","not-established","","",""
"Chemistry-Y11-M1-L15","Chemistry","src/data/chemistry-y11-m1-l15-periodic-table-organisation.json","source-present-unreviewed","","Y11 Properties and structure of matter › Patterns and trends (periods, groups, blocks)","not-established","","",""
"Chemistry-Y11-M1-L16","Chemistry","src/data/chemistry-y11-m1-l16-electron-configuration-subshells.json","source-present-unreviewed","","Y11 Properties and structure of matter › Atomic structure (energy levels, sublevels, orbitals; electron configuration ↔ position)","not-established","","",""
"Chemistry-Y11-M1-L17","Chemistry","src/data/chemistry-y11-m1-l17-periodic-trends-atomic-radius.json","source-present-unreviewed","","Y11 Properties and structure of matter › Patterns and trends (atomic and ionic radii)","not-established","","",""
"Chemistry-Y11-M1-L18","Chemistry","src/data/chemistry-y11-m1-l18-electronegativity-reactivity.json","source-present-unreviewed","","Y11 Properties and structure of matter › Patterns and trends (electronegativity, first ionisation energy)","not-established","","",""
"Chemistry-Y11-M1-L19","Chemistry","src/data/chemistry-y11-m1-l19-electron-configuration-behaviour.json","source-present-unreviewed","","Y11 Properties and structure of matter › Patterns and trends (""effective charge of an ion from the electron configuration""; predicting ions)","not-established","","",""
"Chemistry-Y11-M1-L2","Chemistry","src/data/chemistry-y11-m1-l2-properties-elements-compounds-mixtures.json","source-present-unreviewed","","Y11 Properties and structure of matter › Separation of mixtures (""physical characteristics of the components"")","not-established","","",""
"Chemistry-Y11-M1-L20","Chemistry","src/data/chemistry-y11-m1-l20-module-synthesis-review.json","source-present-unreviewed","","Y11 Properties and structure of matter (review)","not-established","","",""
"Chemistry-Y11-M1-L3","Chemistry","src/data/chemistry-y11-m1-l3-separation-physical-methods.json","source-present-unreviewed","","Y11 Properties and structure of matter › Separation of mixtures (filtration, evaporation and crystallisation are NESA examples)","not-established","","",""
"Chemistry-Y11-M1-L4","Chemistry","src/data/chemistry-y11-m1-l4-separation-advanced-methods.json","source-present-unreviewed","","Y11 Properties and structure of matter › Separation of mixtures (fractional distillation, chromatographic techniques)","not-established","","",""
"Chemistry-Y11-M1-L5","Chemistry","src/data/chemistry-y11-m1-l5-iq1-consolidation.json","source-present-unreviewed","","Y11 Properties and structure of matter › Separation of mixtures (""determine the percentage composition of a mixture by mass"")","not-established","","",""
"Chemistry-Y11-M1-L6","Chemistry","src/data/chemistry-y11-m1-l6-chemical-bonding-overview.json","source-present-unreviewed","","Y11 Properties and structure of matter › Chemical bonding (electronegativity decides ionic or covalent; properties from bonding type; bonding-type practical)","not-established","","",""
"Chemistry-Y11-M1-L7","Chemistry","src/data/chemistry-y11-m1-l7-ionic-bonding-properties.json","source-present-unreviewed","","Y11 Properties and structure of matter › Chemical bonding (ionic lattices; melting-point trends in group 1 and group 2 chlorides)","not-established","","",""
"Chemistry-Y11-M1-L8","Chemistry","src/data/chemistry-y11-m1-l8-metallic-bonding-properties.json","source-present-unreviewed","","Y11 Properties and structure of matter › Chemical bonding (metallic bonding, models, mp/bp/conductivity)","not-established","","",""
"Chemistry-Y11-M1-L9","Chemistry","src/data/chemistry-y11-m1-l9-covalent-molecular-network.json","source-present-unreviewed","","Y11 Properties and structure of matter › Chemical bonding (covalent molecular vs network; carbon allotropes)","not-established","","",""
"Chemistry-Y11-M2-L1","Chemistry","src/data/chemistry-y11-m2-l1-mole-concept.json","source-present-unreviewed","","Y11 Quantitative chemistry › Mole concept","not-established","","",""
"Chemistry-Y11-M2-L10","Chemistry","src/data/chemistry-y11-m2-l10-volumetric-analysis-titration.json","source-present-unreviewed","","→Y12 Y12 Acid–base reactions › Quantitative analysis. Titration is no longer Year 11","not-established","","",""
"Chemistry-Y11-M2-L11","Chemistry","src/data/chemistry-y11-m2-l11-stoichiometry-mole-ratios.json","old-source-corrections-planned","","Y11 Quantitative chemistry › Mole concept (""react in simple whole-number molar ratios"")","not-established","How unchanged formulas combine in a conserved numerical recipe.","Read relative entity/mole ratios, distinguish coefficients from subscripts and calculate a wanted amount, with sufficient other reactant and complete reaction stated.","mass-to-mass"
"Chemistry-Y11-M2-L12","Chemistry","src/data/chemistry-y11-m2-l12-mass-mass-stoichiometry.json","old-source-corrections-planned","","Y11 Quantitative chemistry › Mole concept (""real-world problems … reacting masses"")","not-established","Why can 12.0 g carbon form about 44.0 g carbon dioxide without violating mass conservation?","Predict a theoretical wanted mass using species molar masses and coefficients, state purity/completion/excess assumptions and solve a reverse problem.","limiting-reagents"
"Chemistry-Y11-M2-L13","Chemistry","src/data/chemistry-y11-m2-l13-limiting-reagents.json","display-only-voiced-draft-review-pending","unlisted-prior-revision","Y11 Quantitative chemistry › Mole concept (limiting reagents)","not-established","Both reactants are supplied, and their amounts must be compared against the reaction recipe.","Identify the limiting capacity n/coefficient, calculate theoretical product and excess remaining for the stated model.","yield-purity"
"Chemistry-Y11-M2-L14","Chemistry","src/data/chemistry-y11-m2-l14-percentage-yield-purity.json","source-present-unreviewed","","Y11 Quantitative chemistry (percentage yield and purity are not named; ""yield"" appears only in Y12 Equilibrium)","not-established","Distinguish pure reacting mass from total sample mass and recovered mass from theoretical mass.","Calculate and interpret percentage purity/yield for explicitly stated data, without treating every discrepancy as one cause.","concentration"
"Chemistry-Y11-M2-L15","Chemistry","src/data/chemistry-y11-m2-l15-gas-stoichiometry.json","source-present-unreviewed","","Y11 Quantitative chemistry › Properties of gases (""reacting masses, solutions and gases"")","not-established","","",""
"Chemistry-Y11-M2-L16","Chemistry","src/data/chemistry-y11-m2-l16-stoichiometry-in-solution.json","source-present-unreviewed","","Y11 Quantitative chemistry › Measures of concentration (""reacting masses and solutions"")","not-established","","",""
"Chemistry-Y11-M2-L17","Chemistry","src/data/chemistry-y11-m2-l17-back-calculations.json","source-present-unreviewed","","Y11 Quantitative chemistry + →Y12 Y12 Acid–base reactions (back titrations)","not-established","","",""
"Chemistry-Y11-M2-L18","Chemistry","src/data/chemistry-y11-m2-l18-working-scientifically.json","source-present-unreviewed","","Working scientifically (error, validity, reliability, accuracy; % error)","not-established","","",""
"Chemistry-Y11-M2-L19","Chemistry","src/data/chemistry-y11-m2-l19-synthesis-exam-practice.json","source-present-unreviewed","","Y11 Quantitative chemistry (synthesis)","not-established","","",""
"Chemistry-Y11-M2-L1A","Chemistry","src/data/chemistry-y11-m2-l1a-mole-understanding.json","public-recorded-current-scope-review-pending","public","Y11 Quantitative chemistry › Mole concept (Avogadro constant)","not-established","Why use a counting unit for enormous numbers of entities?","Distinguish number of entities N from amount n and explain N = n times NA.","mole-concept-b"
"Chemistry-Y11-M2-L1B","Chemistry","src/data/chemistry-y11-m2-l1b-mole-applying.json","existing-channel-draft-and-source-review-pending","","Y11 Quantitative chemistry › Mole concept","not-established","A known N or n with an identified counted entity.","Solve N-to-n and n-to-N examples and diagnose particle/amount confusion.","molar-mass"
"Chemistry-Y11-M2-L2","Chemistry","src/data/chemistry-y11-m2-l2-molar-mass.json","accepted-export-public-recorded","public","Y11 Quantitative chemistry › Mole concept (n = m/MM; relative atomic mass vs carbon-12)","not-established","Equal numbers of different entities need not have equal mass.","Calculate molar mass from a formula and use m = nM in both directions, distinguishing atoms from molecular species.","empirical-formulas"
"Chemistry-Y11-M2-L20","Chemistry","src/data/chemistry-y11-m2-l20-module-review.json","source-present-unreviewed","","Y11 Quantitative chemistry (review)","not-established","","",""
"Chemistry-Y11-M2-L3","Chemistry","src/data/chemistry-y11-m2-l3-empirical-molecular-formulas.json","organised-silent-draft-source-reviewed-recording-ready","","Y11 Quantitative chemistry › Mole concept (percentage composition, empirical formulas)","not-established","Known substances can share the same simplest atom ratio; composition is a clue, not identity.","Calculate an element mass percentage, infer a simplest whole-number ratio from composition masses and preserve fractional ratios. Molecular inference is a separate labelled extension.","mole-ratios"
"Chemistry-Y11-M2-L4","Chemistry","src/data/chemistry-y11-m2-l4-gases-molar-volume.json","major-scope-gap","","Y11 Quantitative chemistry › Properties of gases (PV = nRT at STP)","not-established","How gas volume changes when one physical condition changes.","Planned set must cover required gas relationships, quantitative applications and investigations; no single existing molar-volume draft is approved as complete.",""
"Chemistry-Y11-M2-L5","Chemistry","src/data/chemistry-y11-m2-l5-mole-consolidation.json","source-present-unreviewed","","Y11 Quantitative chemistry › Mole concept","not-established","","",""
"Chemistry-Y11-M2-L6","Chemistry","src/data/chemistry-y11-m2-l6-concentration.json","source-present-unreviewed","","Y11 Quantitative chemistry › Measures of concentration (C = n/V)","not-established","The same amount distributed through different solution volumes.","Explain c = n/V, calculate concentration and identify which next lesson handles preparation/dilution practicals.","standard-solutions-dilution"
"Chemistry-Y11-M2-L7","Chemistry","src/data/chemistry-y11-m2-l7-standard-solutions-dilutions.json","source-present-unreviewed","","Y11 Quantitative chemistry › Measures of concentration (primary standard; C1V1 = C2V2)","not-established","A target concentration and a preparation or dilution task.","Explain the preserved solute amount and relevant volumetric decisions, with practical limitations separately recorded.","gas-properties-gap"
"Chemistry-Y11-M2-L8","Chemistry","src/data/chemistry-y11-m2-l8-concentration-in-context.json","source-present-unreviewed","","Y11 Quantitative chemistry › Measures of concentration (mol L-1, g L-1, mg L-1, %w/w, %w/v, %v/v, ppm, ppb)","not-established","","",""
"Chemistry-Y11-M2-L9","Chemistry","src/data/chemistry-y11-m2-l9-gravimetric-analysis.json","source-present-unreviewed","","Y11 Quantitative chemistry (% composition by mass) and Y12 Applying chemical ideas (""AAS and gravimetric data to analyse pollutants in water"")","not-established","","",""
"Chemistry-Y11-M3-Checkpoint1","Chemistry","src/data/chemistry-y11-m3-cp1-predicting-products.json","source-present-unreviewed","","Y11 Chemical reactions › Classifying chemical reactions","not-established","","",""
"Chemistry-Y11-M3-Checkpoint2","Chemistry","src/data/chemistry-y11-m3-cp2-metal-reactivity.json","source-present-unreviewed","","Y11 Chemical reactions (redox, activity) + →Y12 Y12 Applying chemical ideas (galvanic cells)","not-established","","",""
"Chemistry-Y11-M3-Checkpoint3","Chemistry","src/data/chemistry-y11-m3-cp3-rates-synthesis.json","source-present-unreviewed","","Y11 Chemical reactions › Rates. The Boltzmann-distribution walkthrough is not in the new syllabus","not-established","","",""
"Chemistry-Y11-M3-L1","Chemistry","src/data/chemistry-y11-m3-l1-physical-chemical-change.json","source-present-unreviewed","","Y11 Chemical reactions / Y11 Quantitative chemistry › Conservation of mass (atoms rearranged). ""Indicators of chemical change"" is not a new point","not-established","","",""
"Chemistry-Y11-M3-L10","Chemistry","src/data/chemistry-y11-m3-l10-inert-electrodes.json","source-present-unreviewed","","→Y12 Y12 Applying chemical ideas › inorganic (cell potential, spontaneity)","not-established","","",""
"Chemistry-Y11-M3-L11","Chemistry","src/data/chemistry-y11-m3-l11-collision-theory.json","source-present-unreviewed","","Y11 Chemical reactions › Rates of reactions (activation energy, orientation, successful collisions)","not-established","","",""
"Chemistry-Y11-M3-L12","Chemistry","src/data/chemistry-y11-m3-l12-factors-affecting-rate.json","source-present-unreviewed","","Y11 Chemical reactions › Rates of reactions (concentration, temperature, surface area, catalysts)","not-established","","",""
"Chemistry-Y11-M3-L2","Chemistry","src/data/chemistry-y11-m3-l2-synthesis-decomposition.json","source-present-unreviewed","","Y11 Chemical reactions › Classifying chemical reactions (synthesis, decomposition)","not-established","","",""
"Chemistry-Y11-M3-L3","Chemistry","src/data/chemistry-y11-m3-l3-precipitation-solubility.json","source-present-unreviewed","","Y11 Chemical reactions › Classifying (full and net ionic equations; solubility rules)","not-established","","",""
"Chemistry-Y11-M3-L4","Chemistry","src/data/chemistry-y11-m3-l4-combustion-reactions.json","source-present-unreviewed","","Y11 Chemical reactions › Classifying (combustion) + Y12 Organic chemistry (complete vs incomplete combustion)","not-established","","",""
"Chemistry-Y11-M3-L5","Chemistry","src/data/chemistry-y11-m3-l5-acid-base-acid-carbonate.json","source-present-unreviewed","","Y11 Chemical reactions › Classifying (neutralisation)","not-established","","",""
"Chemistry-Y11-M3-L6","Chemistry","src/data/chemistry-y11-m3-l6-indigenous-detoxification.json","source-present-unreviewed","","Y11 Chemical reactions › Classifying. The new Aboriginal example is nardoo detoxification as decomposition; the lesson uses cycads, which are not named in the new syllabus","not-established","","",""
"Chemistry-Y11-M3-L7","Chemistry","src/data/chemistry-y11-m3-l7-metal-activity-series.json","source-present-unreviewed","","Y11 Chemical reactions › Classifying (reactivity in O2, water, acid and metal-ion solutions; activity series compared with secondary sources)","not-established","","",""
"Chemistry-Y11-M3-L8","Chemistry","src/data/chemistry-y11-m3-l8-redox-oxidation-states.json","source-present-unreviewed","","Y11 Chemical reactions › Classifying (oxidation and reduction by electron transfer and oxidation state; half-equations)","not-established","","",""
"Chemistry-Y11-M3-L9","Chemistry","src/data/chemistry-y11-m3-l9-galvanic-cells.json","source-present-unreviewed","","→Y12 Y12 Applying chemical ideas › Analysis and uses of inorganic substances (galvanic cells; standard reduction potentials; spontaneity)","not-established","","",""
"Chemistry-Y11-M4-Checkpoint1","Chemistry","src/data/chemistry-y11-m4-cp1-energy-changes.json","source-present-unreviewed","","Y11 Chemical reactions › Energy changes","not-established","","",""
"Chemistry-Y11-M4-Checkpoint2","Chemistry","src/data/chemistry-y11-m4-cp2-enthalpy-hess.json","source-present-unreviewed","","Not in new syllabus (bond energy / ΔH°f / Hess)","not-established","","",""
"Chemistry-Y11-M4-Checkpoint3","Chemistry","src/data/chemistry-y11-m4-cp3-entropy-gibbs.json","source-present-unreviewed","","Not in new syllabus (entropy / Gibbs)","not-established","","",""
"Chemistry-Y11-M4-L1","Chemistry","src/data/chemistry-y11-m4-l1-enthalpy-energy-profiles.json","source-present-unreviewed","","Y11 Chemical reactions › Energy changes (endothermic and exothermic; energy profile diagrams)","not-established","","",""
"Chemistry-Y11-M4-L10","Chemistry","src/data/chemistry-y11-m4-l10-hess-combustion-consolidation.json","source-present-unreviewed","","Not in new syllabus (Hess/ΔH°f)","not-established","","",""
"Chemistry-Y11-M4-L11","Chemistry","src/data/chemistry-y11-m4-l11-entropy.json","source-present-unreviewed","","Not in new syllabus (no entropy)","not-established","","",""
"Chemistry-Y11-M4-L12","Chemistry","src/data/chemistry-y11-m4-l12-calculating-entropy.json","source-present-unreviewed","","Not in new syllabus (entropy)","not-established","","",""
"Chemistry-Y11-M4-L13","Chemistry","src/data/chemistry-y11-m4-l13-gibbs-free-energy.json","source-present-unreviewed","","Not in new syllabus (no Gibbs free energy)","not-established","","",""
"Chemistry-Y11-M4-L2","Chemistry","src/data/chemistry-y11-m4-l2-calorimetry-combustion.json","source-present-unreviewed","","Y11 Chemical reactions › Energy changes (q = mcΔT; ΔH = −q/n) + Y12 Organic chemistry (enthalpy of combustion of alcohols)","not-established","","",""
"Chemistry-Y11-M4-L3","Chemistry","src/data/chemistry-y11-m4-l3-calorimetry-neutralisation.json","source-present-unreviewed","","Y11 Chemical reactions › Energy changes (calorimetry ΔH for an exothermic reaction; neutralisation is the example, but it is not named)","not-established","","",""
"Chemistry-Y11-M4-L4","Chemistry","src/data/chemistry-y11-m4-l4-calorimetry-dissolution.json","source-present-unreviewed","","Y11 Chemical reactions › Energy changes (calorimetry ΔH for an endothermic reaction) + Y12 Equilibrium › Solution equilibria (dissolution)","not-established","","",""
"Chemistry-Y11-M4-L5","Chemistry","src/data/chemistry-y11-m4-l5-activation-energy-catalysts.json","source-present-unreviewed","","Y11 Chemical reactions › Energy changes (catalysts provide an alternative lower-energy pathway)","not-established","","",""
"Chemistry-Y11-M4-L6","Chemistry","src/data/chemistry-y11-m4-l6-bond-energy.json","source-present-unreviewed","","Y11 Chemical reactions › Energy changes (""relate heat energy changes to total bond energy changes""). Bond-energy ΔH calculations are not required","not-established","","",""
"Chemistry-Y11-M4-L7","Chemistry","src/data/chemistry-y11-m4-l7-enthalpy-of-formation.json","source-present-unreviewed","","Not in new syllabus (no ΔH°f)","not-established","","",""
"Chemistry-Y11-M4-L8","Chemistry","src/data/chemistry-y11-m4-l8-hesss-law.json","source-present-unreviewed","","Not in new syllabus (no Hess's law)","not-established","","",""
"Chemistry-Y11-M4-L9","Chemistry","src/data/chemistry-y11-m4-l9-hess-photosynthesis-respiration.json","source-present-unreviewed","","Not in new syllabus (Hess)","not-established","","",""
"Chemistry-Y12-M5-L1","Chemistry","src/data/chemistry-y12-m5-l1-static-dynamic-equilibrium.json","source-present-unreviewed","","Y12 Equilibrium › Dynamic equilibrium (+ closed system). Open and closed systems also appear in Y11 Quantitative chemistry","not-established","","",""
"Chemistry-Y12-M5-L10","Chemistry","src/data/chemistry-y12-m5-l10-calculating-keq-ice-tables.json","source-present-unreviewed","","Y12 Equilibrium › Calculating Keq","not-established","","",""
"Chemistry-Y12-M5-L11","Chemistry","src/data/chemistry-y12-m5-l11-ice-table-mastery.json","source-present-unreviewed","","Y12 Equilibrium › Calculating Keq","not-established","","",""
"Chemistry-Y12-M5-L12","Chemistry","src/data/chemistry-y12-m5-l12-reaction-quotient-q.json","source-present-unreviewed","","Y12 Equilibrium › Calculating Keq (Q)","not-established","","",""
"Chemistry-Y12-M5-L13","Chemistry","src/data/chemistry-y12-m5-l13-temperature-keq-colourimetry.json","source-present-unreviewed","","Y12 Equilibrium › Calculating Keq (temperature effect; FeSCN²⁺ Keq practical)","not-established","","",""
"Chemistry-Y12-M5-L14","Chemistry","src/data/chemistry-y12-m5-l14-ka-kb-gibbs.json","source-present-unreviewed","","Y12 Acid–base reactions (Ka, Kb, Kw). The Keq↔Gibbs link is 2017 only","not-established","","",""
"Chemistry-Y12-M5-L15","Chemistry","src/data/chemistry-y12-m5-l15-dissolution-atsi.json","source-present-unreviewed","","Y12 Equilibrium › Solution equilibria (dissolution diagrams). The cycad detox example is not in the new syllabus","not-established","","",""
"Chemistry-Y12-M5-L16","Chemistry","src/data/chemistry-y12-m5-l16-solubility-rules-precipitation.json","source-present-unreviewed","","Y12 Equilibrium › Solution equilibria (lab-derived solubility rules for named cations and anions; identifying unknown ions)","not-established","","",""
"Chemistry-Y12-M5-L17","Chemistry","src/data/chemistry-y12-m5-l17-solubility-product-ksp.json","source-present-unreviewed","","Y12 Equilibrium › Solution equilibria (Ksp; solubility in g L-1 and mol L-1)","not-established","","",""
"Chemistry-Y12-M5-L18","Chemistry","src/data/chemistry-y12-m5-l18-qsp-common-ion-effect.json","source-present-unreviewed","","Y12 Equilibrium › Solution equilibria (predict a precipitate from Ksp). The common-ion effect is extra","not-established","","",""
"Chemistry-Y12-M5-L2","Chemistry","src/data/chemistry-y12-m5-l2-reversibility-entropy.json","source-present-unreviewed","","Y12 Equilibrium › Dynamic equilibrium (""demonstrate the reversibility of a chemical reaction""). The entropy/enthalpy framing of non-equilibrium systems is 2017 only","not-established","","",""
"Chemistry-Y12-M5-L3","Chemistry","src/data/chemistry-y12-m5-l3-collision-theory-equilibrium.json","source-present-unreviewed","","Y12 Equilibrium › Dynamic equilibrium / Factors (collision theory)","not-established","","",""
"Chemistry-Y12-M5-L4","Chemistry","src/data/chemistry-y12-m5-l4-equilibrium-analogies-misconceptions.json","source-present-unreviewed","","Y12 Equilibrium › Dynamic equilibrium (""macroscopic properties remain constant""; modelling)","not-established","","",""
"Chemistry-Y12-M5-L5","Chemistry","src/data/chemistry-y12-m5-l5-lcp-concentration-temperature.json","source-present-unreviewed","","Y12 Equilibrium › Factors (Le Chatelier: concentration, temperature; practical)","not-established","","",""
"Chemistry-Y12-M5-L6","Chemistry","src/data/chemistry-y12-m5-l6-lcp-pressure-volume-catalysts.json","source-present-unreviewed","","Y12 Equilibrium › Factors (pressure, volume)","not-established","","",""
"Chemistry-Y12-M5-L7","Chemistry","src/data/chemistry-y12-m5-l7-industrial-applications-equilibrium.json","source-present-unreviewed","","Y12 Equilibrium › Factors (increase yield; economical industrial production)","not-established","","",""
"Chemistry-Y12-M5-L8","Chemistry","src/data/chemistry-y12-m5-l8-lcp-mastery-consolidation.json","source-present-unreviewed","","Y12 Equilibrium › Factors","not-established","","",""
"Chemistry-Y12-M5-L9","Chemistry","src/data/chemistry-y12-m5-l9-writing-keq-expressions.json","source-present-unreviewed","","Y12 Equilibrium › Calculating Keq (homogeneous solution and gas expressions)","not-established","","",""
"Chemistry-Y12-M6-L1","Chemistry","src/data/chemistry-y12-m6-l1-acid-base-models.json","source-present-unreviewed","","Y12 Acid–base reactions › Properties (""limitations in Arrhenius's theory led to Brønsted–Lowry"")","not-established","","",""
"Chemistry-Y12-M6-L10","Chemistry","src/data/chemistry-y12-m6-l10-neutralisation-enthalpy-strong-vs-weak.json","source-present-unreviewed","","Not in new syllabus (enthalpy of neutralisation, strong vs weak)","not-established","","",""
"Chemistry-Y12-M6-L11","Chemistry","src/data/chemistry-y12-m6-l11-ph-calculations-mastery.json","source-present-unreviewed","","Y12 Acid–base reactions › Brønsted–Lowry (pH of a resultant solution)","not-established","","",""
"Chemistry-Y12-M6-L12","Chemistry","src/data/chemistry-y12-m6-l12-ka-pka-acid-strength.json","source-present-unreviewed","","Y12 Acid–base reactions › Brønsted–Lowry (Ka, pKa; polyprotic acids)","not-established","","",""
"Chemistry-Y12-M6-L13","Chemistry","src/data/chemistry-y12-m6-l13-buffers.json","source-present-unreviewed","","Y12 Acid–base reactions › Brønsted–Lowry (buffers: prepare; role in a natural system)","not-established","","",""
"Chemistry-Y12-M6-L14","Chemistry","src/data/chemistry-y12-m6-l14-titration-technique.json","source-present-unreviewed","","Y12 Acid–base reactions › Quantitative analysis (primary standard; titration)","not-established","","",""
"Chemistry-Y12-M6-L15","Chemistry","src/data/chemistry-y12-m6-l15-indicators.json","source-present-unreviewed","","Y12 Acid–base reactions › Quantitative analysis (equivalence point vs endpoint; indicator choice)","not-established","","",""
"Chemistry-Y12-M6-L16","Chemistry","src/data/chemistry-y12-m6-l16-titration-curves.json","source-present-unreviewed","","Y12 Acid–base reactions › Quantitative analysis (titration curves)","not-established","","",""
"Chemistry-Y12-M6-L17","Chemistry","src/data/chemistry-y12-m6-l17-titration-indicator-mastery.json","source-present-unreviewed","","Y12 Acid–base reactions › Quantitative analysis","not-established","","",""
"Chemistry-Y12-M6-L18","Chemistry","src/data/chemistry-y12-m6-l18-back-conductometric-titration.json","source-present-unreviewed","","Y12 Acid–base reactions › Quantitative analysis (back titrations; conductivity graphs)","not-established","","",""
"Chemistry-Y12-M6-L19","Chemistry","src/data/chemistry-y12-m6-l19-industrial-digital-analysis.json","source-present-unreviewed","","Y12 Acid–base reactions › Quantitative analysis (household digital probes and instruments)","not-established","","",""
"Chemistry-Y12-M6-L2","Chemistry","src/data/chemistry-y12-m6-l2-nomenclature-indicators-acid-reactions.json","source-present-unreviewed","","Y12 Acid–base reactions › Properties (IUPAC names of inorganic acids and bases; properties; indicators)","not-established","","",""
"Chemistry-Y12-M6-L3","Chemistry","src/data/chemistry-y12-m6-l3-enthalpy-of-neutralisation.json","source-present-unreviewed","","→Y11 Y11 Chemical reactions › Energy changes (a calorimetry example). There is no enthalpy of neutralisation in new Y12","not-established","","",""
"Chemistry-Y12-M6-L4","Chemistry","src/data/chemistry-y12-m6-l4-neutralisation-everyday-industry.json","source-present-unreviewed","","Y12 Acid–base reactions (salt nature) / Y11 Chemical reactions (""evaluate the impact of a chemical reaction in medicine or agriculture"")","not-established","","",""
"Chemistry-Y12-M6-L5","Chemistry","src/data/chemistry-y12-m6-l5-strong-vs-weak-acids-bases.json","source-present-unreviewed","","Y12 Acid–base reactions › Brønsted–Lowry (strong vs weak; pH of acids at the same concentration)","not-established","","",""
"Chemistry-Y12-M6-L6","Chemistry","src/data/chemistry-y12-m6-l6-strong-weak-mastery-salt-hydrolysis.json","source-present-unreviewed","","Y12 Acid–base reactions › Brønsted–Lowry (acidic or basic nature of salts)","not-established","","",""
"Chemistry-Y12-M6-L7","Chemistry","src/data/chemistry-y12-m6-l7-conjugate-pairs-amphiprotic-water.json","source-present-unreviewed","","Y12 Acid–base reactions › Brønsted–Lowry (conjugate pairs; amphiprotic; ionic equations)","not-established","","",""
"Chemistry-Y12-M6-L8","Chemistry","src/data/chemistry-y12-m6-l8-ph-poh-strong-acids-bases.json","source-present-unreviewed","","Y12 Acid–base reactions › Brønsted–Lowry (pH, pOH, [H+], [OH−]; mixing)","not-established","","",""
"Chemistry-Y12-M6-L9","Chemistry","src/data/chemistry-y12-m6-l9-ka-kb-ice-tables.json","source-present-unreviewed","","Y12 Acid–base reactions › Brønsted–Lowry (Ka, Kb)","not-established","","",""
"Chemistry-Y12-M7-L1","Chemistry","src/data/chemistry-y12-m7-l1-intro-iupac-nomenclature.json","source-present-unreviewed","","Y12 Organic chemistry › Hydrocarbons (IUPAC C1–C8, branched; shapes)","not-established","","",""
"Chemistry-Y12-M7-L10","Chemistry","src/data/chemistry-y12-m7-l10-alcohol-production.json","source-present-unreviewed","","Y12 Organic chemistry › Alcohols (production by haloalkane substitution; hydration; ""producing alcohol from plants and crude oil"")","not-established","","",""
"Chemistry-Y12-M7-L11","Chemistry","src/data/chemistry-y12-m7-l11-combustion-of-alcohols.json","source-present-unreviewed","","Y12 Organic chemistry › Alcohols (enthalpy of combustion vs chain length; lab)","not-established","","",""
"Chemistry-Y12-M7-L12","Chemistry","src/data/chemistry-y12-m7-l12-alcohol-reactions.json","source-present-unreviewed","","Y12 Organic chemistry › Alcohols (dehydration; HX substitution; oxidation to aldehyde and ketone)","not-established","","",""
"Chemistry-Y12-M7-L13","Chemistry","src/data/chemistry-y12-m7-l13-aldehydes-and-ketones.json","source-present-unreviewed","","Y12 Organic chemistry › Alcohols (""account for aldehyde and ketone products"" only). Tollens/Fehling-style tests are extra","not-established","","",""
"Chemistry-Y12-M7-L14","Chemistry","src/data/chemistry-y12-m7-l14-carboxylic-acids.json","source-present-unreviewed","","Y12 Organic chemistry › Organic acids (naming, properties, oxidation route, test for a carboxylic acid)","not-established","","",""
"Chemistry-Y12-M7-L15","Chemistry","src/data/chemistry-y12-m7-l15-esters.json","source-present-unreviewed","","Y12 Organic chemistry › Esters (naming; lab synthesis and purification)","not-established","","",""
"Chemistry-Y12-M7-L16","Chemistry","src/data/chemistry-y12-m7-l16-amines-and-amides.json","source-present-unreviewed","","Not in new syllabus (no amines or amides)","not-established","","",""
"Chemistry-Y12-M7-L17","Chemistry","src/data/chemistry-y12-m7-l17-soaps-and-detergents.json","source-present-unreviewed","","Not in new syllabus (no soaps or saponification)","not-established","","",""
"Chemistry-Y12-M7-L18","Chemistry","src/data/chemistry-y12-m7-l18-organic-acids-and-bases.json","source-present-unreviewed","","Not in new syllabus (no organic acid/base comparison)","not-established","","",""
"Chemistry-Y12-M7-L19","Chemistry","src/data/chemistry-y12-m7-l19-reaction-pathways.json","source-present-unreviewed","","Y12 Organic chemistry › Esters (""flow charts … reaction pathways for ester synthesis, including multi-step"")","not-established","","",""
"Chemistry-Y12-M7-L2","Chemistry","src/data/chemistry-y12-m7-l2-functional-groups-isomers.json","source-present-unreviewed","","Y12 Organic chemistry (isomers; functional groups). Naming amines, amides, aldehydes and ketones goes beyond the new syllabus","not-established","","",""
"Chemistry-Y12-M7-L20","Chemistry","src/data/chemistry-y12-m7-l20-organic-reactions-mastery.json","source-present-unreviewed","","Y12 Organic chemistry (hydrocarbon and alcohol reactions mastery)","not-established","","",""
"Chemistry-Y12-M7-L21","Chemistry","src/data/chemistry-y12-m7-l21-addition-polymers.json","source-present-unreviewed","","Y12 Applying chemical ideas › organic (PE, PVC, PTFE, PP; ethene → chloroethene)","not-established","","",""
"Chemistry-Y12-M7-L22","Chemistry","src/data/chemistry-y12-m7-l22-condensation-polymers.json","source-present-unreviewed","","Y12 Organic chemistry › Esters (polyester by esterification). Nylon/polyamides are not in the new syllabus","not-established","","",""
"Chemistry-Y12-M7-L23","Chemistry","src/data/chemistry-y12-m7-l23-polymers-properties-and-environment.json","source-present-unreviewed","","Y12 Applying chemical ideas (environmental and health impacts of polymers). The thermoset framing is extra","not-established","","",""
"Chemistry-Y12-M7-L3","Chemistry","src/data/chemistry-y12-m7-l3-hydrocarbons-properties.json","source-present-unreviewed","","Y12 Organic chemistry › Hydrocarbons (homologous series; bp vs chain length; IMFs)","not-established","","",""
"Chemistry-Y12-M7-L4","Chemistry","src/data/chemistry-y12-m7-l4-structure-bonding.json","source-present-unreviewed","","Y12 Organic chemistry › Hydrocarbons (""reactivity differences between alkanes and alkenes"")","not-established","","",""
"Chemistry-Y12-M7-L5","Chemistry","src/data/chemistry-y12-m7-l5-hydrocarbon-reactions.json","source-present-unreviewed","","Y12 Organic chemistry › Hydrocarbons (addition; substitution with halogens; combustion)","not-established","","",""
"Chemistry-Y12-M7-L6","Chemistry","src/data/chemistry-y12-m7-l6-alkene-reactions.json","source-present-unreviewed","","Y12 Organic chemistry › Hydrocarbons (alkene + H2, X2, HX, H2O). Markovnikov is not named but is needed for HX/H2O","not-established","","",""
"Chemistry-Y12-M7-L7","Chemistry","src/data/chemistry-y12-m7-l7-alkyne-alkane-reactions.json","source-present-unreviewed","","Y12 Organic chemistry › Hydrocarbons (alkane substitution). Alkyne two-step addition and hydration to ketone are extra","not-established","","",""
"Chemistry-Y12-M7-L8","Chemistry","src/data/chemistry-y12-m7-l8-reactions-mastery.json","source-present-unreviewed","","Y12 Organic chemistry › Hydrocarbons (conditions; multi-step). Geminal/vicinal and the propyne hub are extra","not-established","","",""
"Chemistry-Y12-M7-L9","Chemistry","src/data/chemistry-y12-m7-l9-alcohol-structure-properties.json","source-present-unreviewed","","Y12 Organic chemistry › Alcohols (1°/2°/3°; bp and solubility trends)","not-established","","",""
"Chemistry-Y12-M8-L1","Chemistry","src/data/chemistry-y12-m8-l1-acid-base-titrations-indicators.json","source-present-unreviewed","","Y12 Acid–base reactions › Quantitative analysis (titration, back titration, indicator)","not-established","","",""
"Chemistry-Y12-M8-L10","Chemistry","src/data/chemistry-y12-m8-l10-water-treatment-processes.json","source-present-unreviewed","","Not in new syllabus (no water treatment)","not-established","","",""
"Chemistry-Y12-M8-L11","Chemistry","src/data/chemistry-y12-m8-l11-drug-classification-functional-groups.json","source-present-unreviewed","","Not in new syllabus (medicines by functional group)","not-established","","",""
"Chemistry-Y12-M8-L12","Chemistry","src/data/chemistry-y12-m8-l12-acid-base-properties-drug-molecules.json","source-present-unreviewed","","Not in new syllabus (drug acid–base, Henderson–Hasselbalch)","not-established","","",""
"Chemistry-Y12-M8-L13","Chemistry","src/data/chemistry-y12-m8-l13-optical-isomerism-chirality.json","source-present-unreviewed","","Not in new syllabus (no optical isomers; only geometric isomers)","not-established","","",""
"Chemistry-Y12-M8-L14","Chemistry","src/data/chemistry-y12-m8-l14-solubility-polarity-drug-delivery.json","source-present-unreviewed","","Not in new syllabus (drug delivery)","not-established","","",""
"Chemistry-Y12-M8-L15","Chemistry","src/data/chemistry-y12-m8-l15-drug-synthesis-green-chemistry.json","source-present-unreviewed","","Not in new syllabus (chemical synthesis design is dropped)","not-established","","",""
"Chemistry-Y12-M8-L16","Chemistry","src/data/chemistry-y12-m8-l16-polymers-structure-properties.json","source-present-unreviewed","","Y12 Applying chemical ideas (PE, PVC, PTFE, PP)","not-established","","",""
"Chemistry-Y12-M8-L2","Chemistry","src/data/chemistry-y12-m8-l2-gravimetric-analysis.json","source-present-unreviewed","","Y12 Applying chemical ideas › inorganic (""AAS and gravimetric data to analyse pollutants in water"") + Y11 Quantitative chemistry","not-established","","",""
"Chemistry-Y12-M8-L3","Chemistry","src/data/chemistry-y12-m8-l3-precipitation-qualitative-analysis.json","source-present-unreviewed","","Y12 Equilibrium › Solution equilibria (identify 2 unknown ions) + →Y11 Y11 Properties and structure of matter (flame tests). Complexation is not named","not-established","","",""
"Chemistry-Y12-M8-L4","Chemistry","src/data/chemistry-y12-m8-l4-spectroscopic-analysis-uv-vis-aas.json","source-present-unreviewed","","Y12 Applying chemical ideas › inorganic (AAS as a quantitative method; AAS/AES and electron configuration). UV-Vis/Beer–Lambert is not named","not-established","","",""
"Chemistry-Y12-M8-L5","Chemistry","src/data/chemistry-y12-m8-l5-chromatography-tlc-column-hplc.json","source-present-unreviewed","","→Y11 Y11 Properties and structure of matter › Separation (chromatographic techniques, as an example only). Rf/HPLC depth is extra","not-established","","",""
"Chemistry-Y12-M8-L6","Chemistry","src/data/chemistry-y12-m8-l6-water-quality-parameters-standards.json","source-present-unreviewed","","Not in new syllabus (no water-quality parameters)","not-established","","",""
"Chemistry-Y12-M8-L7","Chemistry","src/data/chemistry-y12-m8-l7-monitoring-dissolved-oxygen-bod.json","source-present-unreviewed","","Not in new syllabus (no DO/BOD/Winkler)","not-established","","",""
"Chemistry-Y12-M8-L8","Chemistry","src/data/chemistry-y12-m8-l8-heavy-metal-contamination-analysis.json","source-present-unreviewed","","Y12 Applying chemical ideas › inorganic (AAS data on pollutants in water). The bioaccumulation framing is extra","not-established","","",""
"Chemistry-Y12-M8-L9","Chemistry","src/data/chemistry-y12-m8-l9-nutrient-pollution-eutrophication.json","source-present-unreviewed","","Not in new syllabus (no eutrophication)","not-established","","",""
