Official content ID,Subject,Official group,Required action,Action kind,Planned videos,Status,Specific gap,Content SHA256
"ci39fc23e2","biology","Biochemical processes","Explain the role of enzymes in cells.","explanation","enzyme-role","planned-unreviewed","Source has reusable catalysis/activation/specificity scenes, but current science, narration and unseen explanation review remains pending.","c15755aafbb6d49c8ca0e1991db70125f6d4f0e6b71a7668868368dceb9bb1b4"
"ciaeeb3210","biology","Biochemical processes","Use a lock-and-key diagram to explain specific enzyme/substrate interaction.","diagram-explanation","enzyme-models","planned-unreviewed","Exact revised diagram/scoped playback is available, but complete required-action and listening approval remain pending.","52bcfe2c8eb47a45ce8b7c337006871e2db7f49bb210c2bb142408ce90a30620"
"ciaeeb3210","biology","Biochemical processes","Use an induced-fit diagram to explain specific enzyme/substrate interaction.","diagram-explanation","enzyme-models","planned-unreviewed","Explain binding-associated shape change and model scope, rather than simply naming a model or showing unrelated particles.","52bcfe2c8eb47a45ce8b7c337006871e2db7f49bb210c2bb142408ce90a30620"
"ci75e851a5","biology","Biochemical processes","Plan a selected-enzyme laboratory experiment on temperature.","practical-planning","enzyme-practical","planned-unreviewed","L17 develops a temperature method; exact valid controls/rate measure, source and limitations still need review.","5c77d68a8d3a24be848134d7f85d662faa2b183931909b32fc63ef62612a104f"
"ci75e851a5","biology","Biochemical processes","Conduct a selected-enzyme laboratory experiment demonstrating the effect of temperature.","practical-conduct","enzyme-practical","conduct-not-evidenced","No actual laboratory conduct/result evidence is recorded here. Watching the model or preparation video does not fulfil this action.","5c77d68a8d3a24be848134d7f85d662faa2b183931909b32fc63ef62612a104f"
"ci75e851a5","biology","Biochemical processes","Plan a selected-enzyme laboratory experiment on pH.","practical-planning","enzyme-practical","known-scope-gap","L17 discusses this factor, but has not established a complete method for it; add/select specific planning support.","5c77d68a8d3a24be848134d7f85d662faa2b183931909b32fc63ef62612a104f"
"ci75e851a5","biology","Biochemical processes","Conduct a selected-enzyme laboratory experiment demonstrating the effect of pH.","practical-conduct","enzyme-practical","conduct-not-evidenced","No actual laboratory conduct/result evidence is recorded here. Watching the model or preparation video does not fulfil this action.","5c77d68a8d3a24be848134d7f85d662faa2b183931909b32fc63ef62612a104f"
"ci75e851a5","biology","Biochemical processes","Plan a selected-enzyme laboratory experiment on substrate concentration.","practical-planning","enzyme-practical","known-scope-gap","L17 discusses this factor, but has not established a complete method for it; add/select specific planning support.","5c77d68a8d3a24be848134d7f85d662faa2b183931909b32fc63ef62612a104f"
"ci75e851a5","biology","Biochemical processes","Conduct a selected-enzyme laboratory experiment demonstrating the effect of substrate concentration.","practical-conduct","enzyme-practical","conduct-not-evidenced","No actual laboratory conduct/result evidence is recorded here. Watching the model or preparation video does not fulfil this action.","5c77d68a8d3a24be848134d7f85d662faa2b183931909b32fc63ef62612a104f"
"cia9a328b1","biology","Biochemical processes","Analyse a temperature/activity graph and explain its effects on enzyme activity.","data-analysis","enzyme-graphs","planned-unreviewed","Candidate scene concept-temperature; explain the supplied curve under stated conditions, not a universal temperature optimum.","7fcaaa834df402e700650961537bff19007c8278b6bb0920f4b6b213753c238b"
"cia9a328b1","biology","Biochemical processes","Analyse a pH/activity graph and explain its effects on enzyme activity.","data-analysis","enzyme-graphs","planned-unreviewed","Candidate scene concept-ph; distinguish charge/binding effects from sufficient extremes causing denaturation.","7fcaaa834df402e700650961537bff19007c8278b6bb0920f4b6b213753c238b"
"cia9a328b1","biology","Biochemical processes","Analyse a substrate-concentration/activity graph and explain its effects on enzyme activity.","data-analysis","enzyme-graphs","planned-unreviewed","Candidate scene concept-substrate; saturation inference needs fixed active enzyme/other conditions. Shape matching alone does not establish graph explanation.","7fcaaa834df402e700650961537bff19007c8278b6bb0920f4b6b213753c238b"
"cideb5018a","chemistry","Conservation of mass","Relate mass conservation to stoichiometric relationships.","explanation","conservation-systems | mole-ratios | mass-to-mass","planned-unreviewed","Conservation needs explicit system/atom reasoning, not only arithmetic.","14caeb1023261598eda41103fb88ca7ffff0e40006fcce579e42ce0d3687c22e"
"ci12602445","chemistry","Conservation of mass","Carry out a laboratory reaction measuring produced gas mass and volume.","practical-conduct","conservation-practical","conduct-not-evidenced","No selected method, apparatus/data evidence or actual conduct recorded for this action.","0799546646d71fd64110706a178928154a84b98b05e46f6c090605d4cc8d4f7e"
"cib7c4a7c6","chemistry","Conservation of mass","Describe features of both open and closed systems.","explanation","conservation-systems","planned-unreviewed","Physical/chemical-change candidate has a different primary intent; system boundary coverage needs review.","823ada2d7ea72325284f2ec15fb01275c627c0c60d90c6fb7e63a4ce45aceb8c"
"ci56c28e81","chemistry","Conservation of mass","Explain the open-system cooking context using coals.","explanation","first-nations-systems","planned-unreviewed","Required Aboriginal cooking context unreviewed; needs direct sourcing and cultural protocols.","82b07ea0b4796810225742348a72e05b6f702d66c147676dfdd70c118ed5b49a"
"ci56c28e81","chemistry","Conservation of mass","Explain enclosed pit-oven cooking as a closed-system example in the specified context.","explanation","first-nations-systems","planned-unreviewed","Do not confuse idealised classroom system boundaries with an unsupported claim that an oven is perfectly sealed.","82b07ea0b4796810225742348a72e05b6f702d66c147676dfdd70c118ed5b49a"
"ci568b5f05","chemistry","Conservation of mass","Carry out a practical model of mass conservation in a chemical reaction.","practical-conduct","conservation-practical","conduct-not-evidenced","A diagram/video model explains the idea but does not evidence performing the practical investigation.","d82bc2ac23cbfa32fc26b4c38c04eaffaae95322b237c676aa4c0ad45cf34664"
"cib73314e0","chemistry","Conservation of mass","Solve chemical-reaction mass-change problems.","calculation","conservation-systems | mass-to-mass","planned-unreviewed","Explicit missing/remaining/system mass problems still need selected examples and independent transfer.","adea9604e2cdfb7549f5f5037a0f82b7c2db41fe319a0124cdf13971ce256cee"
"cia5fb8ee9","chemistry","Mole concept","Relate the Avogadro constant to the mole concept.","explanation","mole-a","planned-unreviewed","Public status does not establish current SI-definition or complete scene equivalence.","a6e920399e831ae4d2fe367329b51845af94e9bd86346d0abbd601c104e64f38"
"ciaa9279b7","chemistry","Mole concept","Relate atom relative mass to carbon-12.","explanation","relative-atomic-mass | mole-a","planned-unreviewed","Keep relative atomic mass reference separate from the fixed SI mole definition; do not revive outdated mole definition.","003229c95a8909cebbe2c10ab9a557a17e693e6effc00599f228bbfaa448ac3e"
"ci18f59d1c","chemistry","Mole concept","Determine amount from mass and molar mass.","calculation","molar-mass","planned-unreviewed","Exact selected example/feedback review pending.","3eb5c4ffdb5b177416a4373e2c2591d07d29f06f563b30be0e5dd7b6f6b7136d"
"ci18f59d1c","chemistry","Mole concept","Determine mass from amount and molar mass.","calculation","molar-mass","planned-unreviewed","Exact selected example/feedback review pending.","3eb5c4ffdb5b177416a4373e2c2591d07d29f06f563b30be0e5dd7b6f6b7136d"
"ci18f59d1c","chemistry","Mole concept","Determine molar mass from supplied mass and amount.","calculation","molar-mass","planned-unreviewed","Computing molar mass from a formula does not itself establish solving MM from given m and n; locate or add an explicit example.","3eb5c4ffdb5b177416a4373e2c2591d07d29f06f563b30be0e5dd7b6f6b7136d"
"ci128bb632","chemistry","Mole concept","Physically compare masses of equimolar amounts of pure substances in a practical investigation.","practical-conduct","equimolar-practical","conduct-not-evidenced","Existing animated mass comparison is explanation only; pure substance quantities and actual measurement/conduct remain open.","648865ee523ffc4dd20d2afcfc627899dd5dd3a81f16f8e9d2da1c14ef69944a"
"ci94bdbfc4","chemistry","Mole concept","Accurately and quantitatively demonstrate simple whole-number reacting molar ratios in a practical investigation.","practical-conduct","molar-ratio-practical | mole-ratios","conduct-not-evidenced","The concept video supports the required investigation but does not replace measurement, accuracy and conduct evidence.","802db7df5c9d3456237f238bdbd9b192c087a7ac11ce1239d30c403655841114"
"cibccbf29b","chemistry","Mole concept","Determine element mass percentage (% w/w) of compounds.","calculation","empirical","planned-unreviewed","Corrected silent draft now includes forward percentage calculation; selected final scene equivalence/review pending.","12e2a707719212f32afbc0665052f016e54fddd0a0688f3902184bd268c09bcb"
"cibccbf29b","chemistry","Mole concept","Determine empirical formulas of compounds.","calculation","empirical","planned-unreviewed","Check percentage basis versus actual masses, guard digits/fractional ratios and inference limits. Molecular inference is optional related extension, not this point.","12e2a707719212f32afbc0665052f016e54fddd0a0688f3902184bd268c09bcb"
"ci04298531","chemistry","Mole concept","Solve reaction limiting-reagent problems.","calculation","limiting","planned-unreviewed","New display-only voiced draft is not a new full export or upload. Previous local review export does not approve its changed visuals; exact current preview/brief and complete listening/public review remain pending.","504a60adc990f9010ea71e5bd4ef34a2a89ad10253d55dd0ae94c587ac503f81"
"ci47b34fec","chemistry","Mole concept","Solve real-world problems combining stoichiometry with reacting masses.","calculation","mass-to-mass | limiting","planned-unreviewed","Use an actual interpreted context, purity/excess/completion assumptions and unseen application, not only a generic formula substitution.","df7bd6587540c0aad0f467d1ad625340163eee4681b7748a29c66e86ffa83135"
"cic640839c","chemistry","Measures of concentration","Outline uses of mol L-1.","explanation","concentration | concentration-measures","planned-unreviewed","The existing L8 scope centres on purity/ppm. Each specified measure needs a meaningful use, with ppm/ppb mass fraction versus dilute aqueous mg/L assumptions explicit.","30bb83943c2850dd34ad972bd72f696c74daca168bfff85000d46234983ae447"
"cic640839c","chemistry","Measures of concentration","Outline uses of g L-1.","explanation","concentration | concentration-measures","planned-unreviewed","The existing L8 scope centres on purity/ppm. Each specified measure needs a meaningful use, with ppm/ppb mass fraction versus dilute aqueous mg/L assumptions explicit.","30bb83943c2850dd34ad972bd72f696c74daca168bfff85000d46234983ae447"
"cic640839c","chemistry","Measures of concentration","Outline uses of mg L-1.","explanation","concentration | concentration-measures","planned-unreviewed","The existing L8 scope centres on purity/ppm. Each specified measure needs a meaningful use, with ppm/ppb mass fraction versus dilute aqueous mg/L assumptions explicit.","30bb83943c2850dd34ad972bd72f696c74daca168bfff85000d46234983ae447"
"cic640839c","chemistry","Measures of concentration","Outline uses of % (w/w).","explanation","concentration | concentration-measures","planned-unreviewed","The existing L8 scope centres on purity/ppm. Each specified measure needs a meaningful use, with ppm/ppb mass fraction versus dilute aqueous mg/L assumptions explicit.","30bb83943c2850dd34ad972bd72f696c74daca168bfff85000d46234983ae447"
"cic640839c","chemistry","Measures of concentration","Outline uses of % (w/v).","explanation","concentration | concentration-measures","planned-unreviewed","The existing L8 scope centres on purity/ppm. Each specified measure needs a meaningful use, with ppm/ppb mass fraction versus dilute aqueous mg/L assumptions explicit.","30bb83943c2850dd34ad972bd72f696c74daca168bfff85000d46234983ae447"
"cic640839c","chemistry","Measures of concentration","Outline uses of % (v/v).","explanation","concentration | concentration-measures","planned-unreviewed","The existing L8 scope centres on purity/ppm. Each specified measure needs a meaningful use, with ppm/ppb mass fraction versus dilute aqueous mg/L assumptions explicit.","30bb83943c2850dd34ad972bd72f696c74daca168bfff85000d46234983ae447"
"cic640839c","chemistry","Measures of concentration","Outline uses of ppm.","explanation","concentration | concentration-measures","planned-unreviewed","The existing L8 scope centres on purity/ppm. Each specified measure needs a meaningful use, with ppm/ppb mass fraction versus dilute aqueous mg/L assumptions explicit.","30bb83943c2850dd34ad972bd72f696c74daca168bfff85000d46234983ae447"
"cic640839c","chemistry","Measures of concentration","Outline uses of ppb.","explanation","concentration | concentration-measures","planned-unreviewed","The existing L8 scope centres on purity/ppm. Each specified measure needs a meaningful use, with ppm/ppb mass fraction versus dilute aqueous mg/L assumptions explicit.","30bb83943c2850dd34ad972bd72f696c74daca168bfff85000d46234983ae447"
"cidc3eeb7d","chemistry","Measures of concentration","Solve for molar concentration using C=n/V.","calculation","concentration","planned-unreviewed","Require volume units and species definition; exact scenes pending.","d8d127ab5c094ef76f642f95dc3e7b03cd012011396ee6bcfe420b871b2c8691"
"cidc3eeb7d","chemistry","Measures of concentration","Rearrange C=n/V to determine moles.","calculation","concentration | solution-stoichiometry","planned-unreviewed","Ensure a learner chooses the relationship, not just follows a direction.","d8d127ab5c094ef76f642f95dc3e7b03cd012011396ee6bcfe420b871b2c8691"
"cidc3eeb7d","chemistry","Measures of concentration","Rearrange C=n/V to determine volume.","calculation","concentration","planned-unreviewed","Locate or add a reverse variable problem; do not assume a single concentration example covers it.","d8d127ab5c094ef76f642f95dc3e7b03cd012011396ee6bcfe420b871b2c8691"
"cia8281b8c","chemistry","Measures of concentration","Perform calculations involving mol L-1.","calculation","concentration-measures | concentration","planned-unreviewed","Required unit-by-unit calculation coverage remains open. Defining a unit or showing a purity factor is not sufficient evidence for concentration calculations in all listed measures.","b06d62c7a2001031d656763cb1e1a8adf2acf8805390e5f0e84238b0e15b78b2"
"cia8281b8c","chemistry","Measures of concentration","Perform calculations involving g L-1.","calculation","concentration-measures | concentration","planned-unreviewed","Required unit-by-unit calculation coverage remains open. Defining a unit or showing a purity factor is not sufficient evidence for concentration calculations in all listed measures.","b06d62c7a2001031d656763cb1e1a8adf2acf8805390e5f0e84238b0e15b78b2"
"cia8281b8c","chemistry","Measures of concentration","Perform calculations involving mg L-1.","calculation","concentration-measures | concentration","planned-unreviewed","Required unit-by-unit calculation coverage remains open. Defining a unit or showing a purity factor is not sufficient evidence for concentration calculations in all listed measures.","b06d62c7a2001031d656763cb1e1a8adf2acf8805390e5f0e84238b0e15b78b2"
"cia8281b8c","chemistry","Measures of concentration","Perform calculations involving % (w/w).","calculation","concentration-measures | concentration","planned-unreviewed","Required unit-by-unit calculation coverage remains open. Defining a unit or showing a purity factor is not sufficient evidence for concentration calculations in all listed measures.","b06d62c7a2001031d656763cb1e1a8adf2acf8805390e5f0e84238b0e15b78b2"
"cia8281b8c","chemistry","Measures of concentration","Perform calculations involving % (w/v).","calculation","concentration-measures | concentration","planned-unreviewed","Required unit-by-unit calculation coverage remains open. Defining a unit or showing a purity factor is not sufficient evidence for concentration calculations in all listed measures.","b06d62c7a2001031d656763cb1e1a8adf2acf8805390e5f0e84238b0e15b78b2"
"cia8281b8c","chemistry","Measures of concentration","Perform calculations involving % (v/v).","calculation","concentration-measures | concentration","planned-unreviewed","Required unit-by-unit calculation coverage remains open. Defining a unit or showing a purity factor is not sufficient evidence for concentration calculations in all listed measures.","b06d62c7a2001031d656763cb1e1a8adf2acf8805390e5f0e84238b0e15b78b2"
"cia8281b8c","chemistry","Measures of concentration","Perform calculations involving ppm.","calculation","concentration-measures | concentration","planned-unreviewed","Required unit-by-unit calculation coverage remains open. Defining a unit or showing a purity factor is not sufficient evidence for concentration calculations in all listed measures.","b06d62c7a2001031d656763cb1e1a8adf2acf8805390e5f0e84238b0e15b78b2"
"cia8281b8c","chemistry","Measures of concentration","Perform calculations involving ppb.","calculation","concentration-measures | concentration","planned-unreviewed","Required unit-by-unit calculation coverage remains open. Defining a unit or showing a purity factor is not sufficient evidence for concentration calculations in all listed measures.","b06d62c7a2001031d656763cb1e1a8adf2acf8805390e5f0e84238b0e15b78b2"
"cib35d8262","chemistry","Measures of concentration","Manipulate dilution variables and solve with C1V1=C2V2.","calculation","standard-dilution","planned-unreviewed","Check amount-preserved assumptions, total final volume, units and a rearranged/unseen case.","a27ce2ee25f3f2acd4bdf3fa5cea0415031302b361c5577777541449576bfdc3"
"ci9478b4ef","chemistry","Measures of concentration","Conduct laboratory preparation of a primary standard solution.","practical-conduct","standard-dilution","conduct-not-evidenced","Preparation video/method is only support; actual suitable primary standard, weighing/transfer/volumetric conduct and evidence are required.","8b0935fe12d9360d7295accdbf2a7da96015f8afd38d4371a45f472d2f34e9ca"
"ci9478b4ef","chemistry","Measures of concentration","Perform a dilution with a calculated concentration in the laboratory.","practical-conduct","standard-dilution","conduct-not-evidenced","A C1V1 calculation alone does not evidence performing the dilution.","8b0935fe12d9360d7295accdbf2a7da96015f8afd38d4371a45f472d2f34e9ca"
"ci580e1753","chemistry","Measures of concentration","Discuss infusion in the specified Aboriginal and Torres Strait Islander plant-extraction/chemical-delivery context.","explanation","first-nations-systems","planned-unreviewed","Required methods/context need respectful direct sourcing and an explanation of delivery-rate control. The optional clay example is not a separate compulsory requirement.","dc0d75ee81cbc18e5c693f44ea332f13d5c9eaf5d49af6b5aec1db818893a4ba"
"ci580e1753","chemistry","Measures of concentration","Discuss roasting in the specified Aboriginal and Torres Strait Islander plant-extraction/chemical-delivery context.","explanation","first-nations-systems","planned-unreviewed","Required methods/context need respectful direct sourcing and an explanation of delivery-rate control. The optional clay example is not a separate compulsory requirement.","dc0d75ee81cbc18e5c693f44ea332f13d5c9eaf5d49af6b5aec1db818893a4ba"
"ci580e1753","chemistry","Measures of concentration","Discuss pounding in the specified Aboriginal and Torres Strait Islander plant-extraction/chemical-delivery context.","explanation","first-nations-systems","planned-unreviewed","Required methods/context need respectful direct sourcing and an explanation of delivery-rate control. The optional clay example is not a separate compulsory requirement.","dc0d75ee81cbc18e5c693f44ea332f13d5c9eaf5d49af6b5aec1db818893a4ba"
"ci580e1753","chemistry","Measures of concentration","Discuss leaching in the specified Aboriginal and Torres Strait Islander plant-extraction/chemical-delivery context.","explanation","first-nations-systems","planned-unreviewed","Required methods/context need respectful direct sourcing and an explanation of delivery-rate control. The optional clay example is not a separate compulsory requirement.","dc0d75ee81cbc18e5c693f44ea332f13d5c9eaf5d49af6b5aec1db818893a4ba"
"ci39c4c80a","chemistry","Measures of concentration","Solve real-world stoichiometric problems involving reacting masses and solutions.","calculation","solution-stoichiometry","planned-unreviewed","Existing L16 is only a source candidate. Check all quantities, reaction/availability assumptions and contextual interpretation before mapping scenes.","a865debe802b9d29af383d2c0408e3f414e2033c06d142f43c231cba98fc6705"
"ci02b3b4f6","chemistry","Properties of gases","Use particle theory to describe ideal gas properties.","explanation","ideal-gas","planned-unreviewed","A fixed molar-volume relationship alone does not teach the ideal-particle model or its scope.","08fb15f75458bffe83e17dce475b7f4cd49d4f3938868db0140a92187dbd5875"
"ci421ca667","chemistry","Properties of gases","Manipulate variables and solve ideal gas problems using PV=nRT at stated STP.","calculation","ideal-gas","planned-unreviewed","Dedicated law coverage is not established; inspect raw source notation, exact STP convention and compatible units/constants before recording.","8560874a3402ebfb0f2c539d4566811b95179db319155f72eb928941cbabaeaa"
"ci36ebe2fd","chemistry","Properties of gases","Analyse pressure (kPa) versus volume (L) data in a closed system at constant temperature.","data-analysis","gas-data","planned-unreviewed","No dedicated selected data task/review; preserve controlled temperature, gas amount, axes/units and evidence interpretation.","039c1330b463602e9337706116fdfb802a390ab3948c0723c311c4f1dfac2780"
"ci440a58fc","chemistry","Properties of gases","Analyse temperature (K) versus pressure (kPa) data in a closed system at constant volume.","data-analysis","gas-data","planned-unreviewed","No dedicated selected data task/review; Celsius plots must not substitute for the specified Kelvin relationship.","a79e5e19ffcb225d17a69b757f6521287ad99ed3784e18ab913a54c11fca2fd0"
"cibf9522ee","chemistry","Properties of gases","Analyse temperature (K) versus volume (L) data in a closed system at constant pressure.","data-analysis","gas-data","planned-unreviewed","No dedicated selected data task/review; preserve the specified constant-pressure conditions.","648826a83fbc203e1375d25de788e1249cadcdae8e0115cecf155a40f9ca1f3a"
"cia40dc747","chemistry","Properties of gases","Solve real-world problems combining reacting masses, solutions and gases.","calculation","integrated-mass-solution-gas | gas-stoichiometry | solution-stoichiometry","planned-unreviewed","Separate gas-only and solution-only boards do not establish this integrated requirement. A suitable combined application and context remain to select/audit.","a623a2066b2e17874aeadcc4660ed98b82bf979ab6de4bef34e14c850c675421"
